{"inputUnits":[34],"outputUnits":4,"inputs":{"0":{"dtype":"number","min":0.4656956940637617,"max":0.7016564518542472},"1":{"dtype":"number","min":0.13428687040137235,"max":0.6049235603929528},"2":{"dtype":"number","min":0.4726678234791895,"max":0.7083065407240522},"3":{"dtype":"number","min":0.03502373861356951,"max":0.595290817307483},"4":{"dtype":"number","min":0.45889334873846394,"max":0.6936632593860093},"5":{"dtype":"number","min":0.03368272433470825,"max":0.5838507554286104},"6":{"dtype":"number","min":0.4830080345902371,"max":0.7402684856808905},"7":{"dtype":"number","min":0.04399887080711762,"max":0.5996478725296314},"8":{"dtype":"number","min":0.4468333630379025,"max":0.6791163196030803},"9":{"dtype":"number","min":0.04322129464421688,"max":0.5712468365313648},"10":{"dtype":"number","min":0.49010235425169546,"max":0.7532720554641813},"11":{"dtype":"number","min":0.20892354550384207,"max":0.6539567404024382},"12":{"dtype":"number","min":0.43356743069575004,"max":0.6627526378073887},"13":{"dtype":"number","min":0.2097925936667841,"max":0.6433033147783738},"14":{"dtype":"number","min":0.48628001470237364,"max":0.8018409443955052},"15":{"dtype":"number","min":0.12692877552496692,"max":0.8304009739518066},"16":{"dtype":"number","min":0.38457934978799896,"max":0.6210169266074256},"17":{"dtype":"number","min":0.12243861403182434,"max":0.7539530725141848},"18":{"dtype":"number","min":0.46206156759776407,"max":0.8059463634825589},"19":{"dtype":"number","min":0.08523179014158659,"max":0.9768844855193538},"20":{"dtype":"number","min":0.3783881501612375,"max":0.6427453420935241},"21":{"dtype":"number","min":0.10067989611751817,"max":0.8977213779620492},"22":{"dtype":"number","min":0.49674701083395834,"max":0.7643428811165633},"23":{"dtype":"number","min":0.4370629298125956,"max":0.9160219970635137},"24":{"dtype":"number","min":0.44916243326981553,"max":0.6910998150464231},"25":{"dtype":"number","min":0.4410726472349493,"max":0.8865426675684436},"26":{"dtype":"number","min":0.47046826259124735,"max":0.7728254183148935},"27":{"dtype":"number","min":0.5551814445510477,"max":1.0215978590036559},"28":{"dtype":"number","min":0.42915199483037386,"max":0.704002686736644},"29":{"dtype":"number","min":0.6327249019732218,"max":1.0566943498747954},"30":{"dtype":"number","min":0.4701361122651871,"max":0.77030364117737},"31":{"dtype":"number","min":0.6696199982785739,"max":1.134570994067743},"32":{"dtype":"number","min":0.4148964547894077,"max":0.7123448045320369},"33":{"dtype":"number","min":0.8021088691781537,"max":1.2373276942355889}},"outputs":{"0":{"dtype":"string","min":0,"max":1,"uniqueValues":["l","m","n","o"],"legend":{"l":[1,0,0,0],"m":[0,1,0,0],"n":[0,0,1,0],"o":[0,0,0,1]}}},"isNormalized":true}